{"min": [-0.331067, -0.970082, -0.317669], "max": [0.338891, 0.924644, 0.361428]}